Dataset,GapBefore,GapAfter,BeforeNodeLI,BeforeAdjHomophily,AfterNodeLI,AfterAdjHomophily,TrainingLoss,NMI,TestAcc
Dataset/SBM100/SBM250_0.3_0.1_1e-20.pt,0.4933660881214015,0.36086411723214135,0.18480556584670596,0.4943386804436668,0.2782457174422709,0.5895253295738212,0.053582821041345596,0.19218562765160907,0.988
Dataset/SBM100/SBM250_0.3_0.1_1e-20.pt,0.4933660881214015,0.2811192847496377,0.18480556584670596,0.4943386804436668,0.35955286535483466,0.660018988398923,0.03858179599046707,0.32509149515209157,0.994
Dataset/SBM100/SBM250_0.3_0.1_1e-20.pt,0.4933660881214015,0.20470443288396303,0.18480556584670596,0.4943386804436668,0.46146740004332015,0.7370556582482136,0.030603211373090744,0.4297139864488869,0.996
Dataset/SBM100/SBM250_0.3_0.1_1e-20.pt,0.4933660881214015,0.20470443288396303,0.18480556584670596,0.4943386804436668,0.46146740004332015,0.7370556582482136,0.030603211373090744,0.4297139864488869,0.996
