Dataset,GapBefore,GapAfter,BeforeNodeLI,BeforeAdjHomophily,AfterNodeLI,AfterAdjHomophily,TrainingLoss,NMI,TestAcc
Dataset/SBM100/SBM250_0.3_0.1_1e-20.pt,0.4933660881214015,0.8010179080125645,0.18480556584670596,0.4943386804436668,0.020461529187858207,0.15911194545340077,0.49090611934661865,0.00585593700593676,0.76
